INSERT INTO customer (ID, NAME, EMAIL, CREATED_DATE) VALUES(1, 'mkyong','111@yahoo.com', TO_DATE('2017-02-11', 'yyyy-mm-dd'));
INSERT INTO customer (ID, NAME, EMAIL, CREATED_DATE) VALUES(2, 'yflow','222@yahoo.com', TO_DATE('2017-02-12', 'yyyy-mm-dd'));
INSERT INTO customer (ID, NAME, EMAIL, CREATED_DATE) VALUES(3, 'zilap','333@yahoo.com', TO_DATE('2017-02-13', 'yyyy-mm-dd'));

-- INSERT INTO data_type (data_type_id, type) VALUES ('3', null);
-- INSERT INTO data_type (data_type_id, type) VALUES ('6', null);
-- INSERT INTO data_type (data_type_id, type) VALUES ('1', null);
-- INSERT INTO data_type (data_type_id, type) VALUES ('2', null);
-- INSERT INTO data_type (data_type_id, type) VALUES ('4', null);
-- INSERT INTO data_type (data_type_id, type) VALUES ('5', null);
-- INSERT INTO data_type (data_type_id, type) VALUES ('7', null);
-- INSERT INTO data_type (data_type_id, type) VALUES ('8', null);
-- INSERT INTO data_type (data_type_id, type) VALUES ('9', null);
-- INSERT INTO data_type (data_type_id, type) VALUES ('10', null);
-- INSERT INTO data_type (data_type_id, type) VALUES ('11', null);
-- INSERT INTO data_type (data_type_id, type) VALUES ('12', null);
-- INSERT INTO data_type (data_type_id, type) VALUES ('13', null);

INSERT INTO data_type (data_type_id, type) VALUES ('1', 'varchar');
INSERT INTO data_type (data_type_id, type) VALUES ('2', 'int');
INSERT INTO data_type (data_type_id, type) VALUES ('3', 'timeStamp');
INSERT INTO data_type (data_type_id, type) VALUES ('4', null);
INSERT INTO data_type (data_type_id, type) VALUES ('5', null);
INSERT INTO data_type (data_type_id, type) VALUES ('6', null);
INSERT INTO data_type (data_type_id, type) VALUES ('7', null);
INSERT INTO data_type (data_type_id, type) VALUES ('8', null);
INSERT INTO data_type (data_type_id, type) VALUES ('9', null);
INSERT INTO data_type (data_type_id, type) VALUES ('10', null);
INSERT INTO data_type (data_type_id, type) VALUES ('11', null);
INSERT INTO data_type (data_type_id, type) VALUES ('12', null);
INSERT INTO data_type (data_type_id, type) VALUES ('13', null);


INSERT INTO domain (domain_id, description, eng_init_name, eng_name, kor_name, length, data_type_id) VALUES ('3', '1_3', '3_3', '2_3', '1_3', '3', '3');
INSERT INTO domain (domain_id, description, eng_init_name, eng_name, kor_name, length, data_type_id) VALUES ('6', '1_6', '3_6', '2_6', '1_6', '6', '1');
INSERT INTO domain (domain_id, description, eng_init_name, eng_name, kor_name, length, data_type_id) VALUES ('1', '1_1', '3_1', '2_1', '1_1', '1', '1');
INSERT INTO domain (domain_id, description, eng_init_name, eng_name, kor_name, length, data_type_id) VALUES ('2', '1_2', '3_2', '2_2', '1_2', '2', '2');
INSERT INTO domain (domain_id, description, eng_init_name, eng_name, kor_name, length, data_type_id) VALUES ('4', '1_4', '3_4', '2_4', '1_4', '4', '4');
INSERT INTO domain (domain_id, description, eng_init_name, eng_name, kor_name, length, data_type_id) VALUES ('5', '1_5', '3_5', '2_5', '1_5', '5', '6');
INSERT INTO domain (domain_id, description, eng_init_name, eng_name, kor_name, length, data_type_id) VALUES ('7', '1_7', '3_7', '2_7', '1_7', '7', '7');
INSERT INTO domain (domain_id, description, eng_init_name, eng_name, kor_name, length, data_type_id) VALUES ('8', '1_8', '3_8', '2_8', '1_8', '8', '8');
INSERT INTO domain (domain_id, description, eng_init_name, eng_name, kor_name, length, data_type_id) VALUES ('9', '1_9', '3_9', '2_9', '1_9', '9', '9');
INSERT INTO domain (domain_id, description, eng_init_name, eng_name, kor_name, length, data_type_id) VALUES ('10', '1_10', '3_10', '2_10', '1_10', '10', '1');
INSERT INTO domain (domain_id, description, eng_init_name, eng_name, kor_name, length, data_type_id) VALUES ('11', '1_11', '3_11', '2_11', '1_11', '11', '1');
INSERT INTO domain (domain_id, description, eng_init_name, eng_name, kor_name, length, data_type_id) VALUES ('12', '1_12', '3_12', '2_12', '1_12', '12', '1');
INSERT INTO domain (domain_id, description, eng_init_name, eng_name, kor_name, length, data_type_id) VALUES ('13', '1_13', '3_13', '2_13', '1_13', '13', '1');

-- INSERT INTO domain (domain_id, description, eng_init_name, eng_name, kor_name, length, data_type_id) VALUES ('3', '3', '3', '3', '3', '3', '3');
-- INSERT INTO domain (domain_id, description, eng_init_name, eng_name, kor_name, length, data_type_id) VALUES ('6', '6', '6', '6', '6', '6', '6');
-- INSERT INTO domain (domain_id, description, eng_init_name, eng_name, kor_name, length, data_type_id) VALUES ('1', '1', '1', '1', '1', '1', '1');
-- INSERT INTO domain (domain_id, description, eng_init_name, eng_name, kor_name, length, data_type_id) VALUES ('2', '2', '2', '2', '2', '2', '2');
-- INSERT INTO domain (domain_id, description, eng_init_name, eng_name, kor_name, length, data_type_id) VALUES ('4', '4', '4', '4', '4', '4', '4');
-- INSERT INTO domain (domain_id, description, eng_init_name, eng_name, kor_name, length, data_type_id) VALUES ('5', '5', '5', '5', '5', '5', '5');
-- INSERT INTO domain (domain_id, description, eng_init_name, eng_name, kor_name, length, data_type_id) VALUES ('7', '7', '7', '7', '7', '7', '7');
-- INSERT INTO domain (domain_id, description, eng_init_name, eng_name, kor_name, length, data_type_id) VALUES ('8', '8', '8', '8', '8', '8', '8');
-- INSERT INTO domain (domain_id, description, eng_init_name, eng_name, kor_name, length, data_type_id) VALUES ('9', '9', '9', '9', '9', '9', '9');
-- INSERT INTO domain (domain_id, description, eng_init_name, eng_name, kor_name, length, data_type_id) VALUES ('10', '10', '10', '10', '10', '10', '10');
-- INSERT INTO domain (domain_id, description, eng_init_name, eng_name, kor_name, length, data_type_id) VALUES ('11', '11', '11', '11', '11', '11', '11');
-- INSERT INTO domain (domain_id, description, eng_init_name, eng_name, kor_name, length, data_type_id) VALUES ('12', '12', '12', '12', '12', '12', '12');
-- INSERT INTO domain (domain_id, description, eng_init_name, eng_name, kor_name, length, data_type_id) VALUES ('13', '13', '13', '13', '13', '13', '13');

-- INSERT INTO domain (domain_id, description, eng_init_name, eng_name, kor_name, length, data_type_id) VALUES ('3', 'des_3', 'ini_3',   'en_n3', '한글명_3',  '3', 'ty_3');
-- INSERT INTO domain (domain_id, description, eng_init_name, eng_name, kor_name, length, data_type_id) VALUES ('6', 'des_6', 'ini_6',   'en_n6', '한글명_6',  '6', 'ty_6');
-- INSERT INTO domain (domain_id, description, eng_init_name, eng_name, kor_name, length, data_type_id) VALUES ('1', 'des_1', 'ini_1',   'en_n1', '한글명_1',  '1', 'ty_1');
-- INSERT INTO domain (domain_id, description, eng_init_name, eng_name, kor_name, length, data_type_id) VALUES ('2', 'des_2', 'ini_2',   'en_n2', '한글명_2',  '2', 'ty_2');
-- INSERT INTO domain (domain_id, description, eng_init_name, eng_name, kor_name, length, data_type_id) VALUES ('4', 'des_4', 'ini_4',   'en_n4', '한글명_4',  '4', 'ty_4');
-- INSERT INTO domain (domain_id, description, eng_init_name, eng_name, kor_name, length, data_type_id) VALUES ('5', 'des_5', 'ini_5',   'en_n5', '한글명_5',  '5', 'ty_5');
-- INSERT INTO domain (domain_id, description, eng_init_name, eng_name, kor_name, length, data_type_id) VALUES ('7', 'des_7', 'ini_7',   'en_n7', '한글명_7',  '7', 'ty_7');
-- INSERT INTO domain (domain_id, description, eng_init_name, eng_name, kor_name, length, data_type_id) VALUES ('8', 'des_8', 'ini_8',   'en_n8', '한글명_8',  '8', 'ty_8');
-- INSERT INTO domain (domain_id, description, eng_init_name, eng_name, kor_name, length, data_type_id) VALUES ('9', 'des_9', 'ini_9',   'en_n9', '한글명_9',  '9', 'ty_9');
-- INSERT INTO domain (domain_id, description, eng_init_name, eng_name, kor_name, length, data_type_id) VALUES ('10','des_10', 'ini_10', 'en_n10','한글명_10', '10','ty_10');
-- INSERT INTO domain (domain_id, description, eng_init_name, eng_name, kor_name, length, data_type_id) VALUES ('11','des_11', 'ini_11', 'en_n11','한글명_11', '11','ty_11');
-- INSERT INTO domain (domain_id, description, eng_init_name, eng_name, kor_name, length, data_type_id) VALUES ('12','des_12', 'ini_12', 'en_n12','한글명_12', '12','ty_12');
-- INSERT INTO domain (domain_id, description, eng_init_name, eng_name, kor_name, length, data_type_id) VALUES ('13','des_13', 'ini_13', 'en_n13','한글명_13', '13','ty_13');

INSERT INTO word (word_id, description, eng_init_name, eng_name, kor_name) VALUES ('1', '11111', 'zzzz', 'z', 'ㅋ');
INSERT INTO word (word_id, description, eng_init_name, eng_name, kor_name) VALUES ('2', '22222', 'bbbb', 'b', 'ㅠ');
INSERT INTO word (word_id, description, eng_init_name, eng_name, kor_name) VALUES ('3', '33333', 'cccc', 'c', 'ㅊ');
INSERT INTO word (word_id, description, eng_init_name, eng_name, kor_name) VALUES ('4', '44444', 'dddd', 'd', 'ㅇ');
INSERT INTO word (word_id, description, eng_init_name, eng_name, kor_name) VALUES ('5', '55555', 'eeee', 'e', 'ㄷ');
INSERT INTO word (word_id, description, eng_init_name, eng_name, kor_name) VALUES ('6', '66666', 'ffff', 'f', 'ㄹ');
INSERT INTO word (word_id, description, eng_init_name, eng_name, kor_name) VALUES ('7', '77777', 'aaaa', 'a', 'ㄹ');

-- INSERT INTO term (term_id, description, eng_init_name, eng_name, kor_name, domain_id) VALUES ('1', null, null, 'zz', 'ㅋㅋ', '5');
-- INSERT INTO term (term_id, description, eng_init_name, eng_name, kor_name, domain_id) VALUES ('3', null, null, 'mm', 'ㅡㅡ', '3');
-- INSERT INTO term (term_id, description, eng_init_name, eng_name, kor_name, domain_id) VALUES ('5', null, null, 'ii', 'ㅑㅑ', '1');
-- INSERT INTO term (term_id, description, eng_init_name, eng_name, kor_name, domain_id) VALUES ('4', null, null, 'nn', 'ㅜㅜ', '3');
-- INSERT INTO term (term_id, description, eng_init_name, eng_name, kor_name, domain_id) VALUES ('2', null, null, 'yy', 'ㅛㅛ', '4');

INSERT INTO term (term_id, description, eng_init_name, eng_name, kor_name, domain_id) VALUES ('1', null, null, 'zz', 'ㅋㅋ', '5');
INSERT INTO term (term_id, description, eng_init_name, eng_name, kor_name, domain_id) VALUES ('3', null, null, 'mm', 'ㅡㅡ', '3');
INSERT INTO term (term_id, description, eng_init_name, eng_name, kor_name, domain_id) VALUES ('5', null, null, 'ii', 'ㅑㅑ', '1');
INSERT INTO term (term_id, description, eng_init_name, eng_name, kor_name, domain_id) VALUES ('4', null, null, 'nn', 'ㅜㅜ', '3');
INSERT INTO term (term_id, description, eng_init_name, eng_name, kor_name, domain_id) VALUES ('2', null, null, 'yy', 'ㅛㅛ', '4');

INSERT INTO term_word (id, term_id, word_id) VALUES (1, '1', '5');
INSERT INTO term_word (id, term_id, word_id) VALUES (2, '5', '2');
INSERT INTO term_word (id, term_id, word_id) VALUES (3, '5', '6');
INSERT INTO term_word (id, term_id, word_id) VALUES (4, '5', '3');
INSERT INTO term_word (id, term_id, word_id) VALUES (5, '2', '1');